name,Email,Age,Marks,City
Allison Arnold,deborahsullivan@example.org,20,46,North Christopher
Jill Ingram,morrislawrence@example.org,25,85,Lake Cindy
Michelle Ramirez,simmonskevin@example.net,19,79,New William
Sarah Thompson,abigailtrujillo@example.com,24,99,Keithborough
Patrick Bradley,stacyli@example.com,22,64,West Ericashire
Leslie Ware,hmorgan@example.com,22,72,East Joshuaport
Todd Cole,donnadavis@example.com,25,98,Mcconnellfurt
Victoria Medina,cynthiagarcia@example.com,22,66,Brandonport
Jose Cole,sydneysmith@example.net,23,49,Port Stevenville
Jonathon Bennett,julianreyes@example.net,21,59,West Danielstad
Ricardo Baker,schmidtmonica@example.net,21,67,South Pamela
Elizabeth Martin,nicholas52@example.net,22,69,West Caitlinbury
Jerome Walker,joshua99@example.org,18,43,South Toddhaven
Michael Alexander,arroyoholly@example.com,18,85,Wilsonstad
Benjamin Perry,meganprice@example.org,25,94,Kelleyland
Cynthia Sellers,nicholas13@example.org,19,100,Barrfort
Christy Simpson,carterbrandon@example.com,23,87,Port Robert
Michael Fernandez,pdunn@example.org,25,63,Whitechester
Michael Pruitt,alexis38@example.net,21,80,North Davidbury
Sean Reynolds,zachary27@example.net,18,95,Port Donaldshire
Mrs. Krystal Arnold,ifaulkner@example.org,25,43,West Susan
Michelle Dalton,amanda91@example.org,19,100,Charlesmouth
Adam Keller,robert16@example.com,18,48,Brownchester
David Nguyen,brian43@example.net,24,60,East Megan
John Miller,dhayes@example.com,19,96,West Alexandra
Mary Smith,carlkirk@example.com,23,42,Timshire
Nicholas Hodge,angela53@example.com,18,49,East Russellport
Caitlin Santiago,yjackson@example.org,23,69,Lake Jaime
David Rojas,oholland@example.com,18,52,Mcclureburgh
Gina Todd,brookephillips@example.net,19,69,Port Markfurt
Monique Ramos,sroberts@example.com,19,100,New Miguel
John Jones,matthew90@example.net,22,88,Lake Larryfurt
Gabriella Ball,lindsay67@example.net,20,40,Harrisfort
Lori Weiss,rbrown@example.net,25,68,North Anthony
Joshua Oneill,timothy07@example.com,25,65,North Jennifer
Lauren Jackson,qhubbard@example.org,20,60,West Randall
Dr. Jessica Roach DVM,lauragibson@example.org,20,95,West Triciafurt
David Lewis,jacob44@example.net,19,77,Rodriguezberg
Stacey Thomas,james75@example.net,18,76,New Lindaland
Charles Walters,woodjoseph@example.com,24,93,New Lindsey
Kimberly Smith,halljason@example.org,25,100,Port James
Michael Harrison,michaelsellers@example.org,18,52,Robinsonville
John Thompson,victoriagalvan@example.com,22,51,Wilsonside
Amanda Ramirez,jamesmoore@example.com,24,49,New Samanthaberg
Jennifer Chapman,richardsmith@example.com,25,79,North Ashley
Kristina Smith,brianna66@example.com,19,42,Hayneshaven
Brandon King,eholmes@example.com,24,53,North Dean
Christine Kennedy,nadams@example.net,18,96,South Brandi
Daniel Smith,jonathanstanley@example.org,21,40,Port Juan
Martin Ashley,andrew98@example.org,23,93,Daleview
Melissa Johnson,chadjones@example.org,23,65,Staceytown
Jeffrey Carney,jasonbrowning@example.net,25,51,Hernandezberg
Fernando West,kmartinez@example.org,23,42,East Adam
Chad Wallace,jaybenson@example.com,21,41,Lake Marcus
Danielle Ford,umoore@example.com,20,65,East Zacharyfort
Sharon Nguyen,nielsendavid@example.net,23,51,Wrightberg
Jason Burch,yoderangelica@example.net,18,90,West Jennifer
Erin Harper,brittany32@example.com,24,54,South Terri
Jeanette Hester,robertgonzalez@example.com,24,90,Lake Evanstad
Daniel Hernandez,davisdavid@example.org,21,79,Stewartstad
Jose Madden,angela79@example.org,19,46,Ramirezbury
Anthony Cantrell,tanya85@example.net,24,86,Waltersbury
Rebecca Berry,john97@example.org,21,52,Port Jeffery
Daniel Ho,williamsgary@example.net,21,72,Coreyhaven
Ryan Thompson,jessica33@example.com,25,53,New Samuel
Rebecca Wilson,bennettrichard@example.com,24,68,West Paul
Jennifer Macias,alexanderbaker@example.com,19,64,Clairehaven
Deborah Johnson,nicholaskelly@example.com,22,95,Port Christinaport
Mrs. Eileen Gonzales DDS,melissa96@example.net,23,80,Lake Jasonville
Brandon Johnson,graygerald@example.org,18,84,East Denise
Anthony Cooper,bryce20@example.com,22,81,Port Jonathanview
David Higgins,thomas95@example.com,22,67,Whitemouth
Sandra Rollins,kbenson@example.net,23,47,North Paula
Brittney Castillo,jphillips@example.com,21,74,Christophermouth
Amanda Palmer,justinhancock@example.net,23,60,Morganland
Elizabeth Johnson,jay67@example.com,20,86,New Coryberg
Danielle Hall,nhall@example.org,21,51,Santiagoside
Andrew Hicks,dwayneperry@example.org,20,73,Alfredberg
Larry Lucero,gprice@example.net,22,87,Alyssaton
Whitney Brown,josephgarza@example.org,21,45,Grossport
Cory Moody,hilljames@example.org,21,53,New Caroline
Victor Sanders,staceywright@example.net,20,85,Yuview
Erica Blackwell,erin63@example.org,18,71,Markstad
Patricia Shaffer,rodrigueztracy@example.com,21,74,West Deborah
Leah Guzman,kelly88@example.net,19,97,Johnsonburgh
Nancy Wyatt,justin02@example.com,20,98,Deborahberg
Jill Fuentes,graypaul@example.net,25,90,South Luisbury
Richard Bell,tfrye@example.net,23,98,Port Garyfurt
Erin Smith,martinezbrooke@example.com,25,97,Harringtonport
Ashley Campbell,patriciablack@example.org,23,93,Weekston
John Jones,uacevedo@example.com,20,80,Amandastad
Justin Thomas,ryanevans@example.org,19,55,Miguelport
Rachel Hart,davislindsay@example.net,21,41,East Codyburgh
Karen Maldonado,schapman@example.net,18,66,Port Jonathan
Monica Mccoy,jacob13@example.org,18,74,Port Julia
Mark Moore,hunter72@example.com,22,95,Jacobport
Samantha Mack,jordanbrian@example.net,24,88,West Johnside
Kaitlyn Myers,amy14@example.net,22,93,New Monique
Brian Neal,glasskimberly@example.com,22,87,New Christineport
Joshua Harris,parsonstyler@example.org,18,72,Newmanport
